name,email,phone,aadhaar,pan,address,transaction_amount,access_time,ip_address,event_type
Yuvaan Shetty,sidhudhruv@devi.com,00195064218,5139 5713 7713,FFTIV8802J,"H.No. 22, Saran Circle, Saharanpur-533322",38316.57,2024-01-03 22:53:00,63.223.125.68,LOGIN
Yashvi Ahluwalia,dsom@yadav.com,+914272822415,3666 6865 8017,KOPMD3006N,"11/21, Tripathi Nagar, Jaipur 804158",33660.28,2024-01-07 07:30:00,200.74.114.217,LOGOUT
Jivika Sachar,qravi@bath.biz,00049274419,7261 9935 3973,FBLLW7021X,"608, Choudhary Ganj, Howrah 353910",21059.8,2024-01-01 08:04:00,181.5.110.179,FAILED_LOGIN
Aradhya Magar,cmaharaj@din.com,+918653184494,2112 2893 5177,YXPFE7972M,"66/736, Bawa Nagar, Yamunanagar 938547",19773.25,2024-02-04 09:51:00,208.88.77.128,LOGIN
Tara Cherian,wagleritvik@raja.org,05066730025,9895 5214 3164,GPAMD5692N,"H.No. 931, Chaudhari Path, Nizamabad 926737",36964.1,2024-02-04 08:11:00,77.137.248.169,DELETE
Stuvan Mangal,yuvraj-82@vig.com,02802230811,3601 7306 2006,QLTQV3072W,"H.No. 33, Saxena, Jalna-580550",45012.79,2024-01-14 00:35:00,148.235.213.240,LOGOUT
Pranay Shukla,tdave@gmail.com,01131610380,3070 4723 1284,TZOUS9502Y,"H.No. 10, Desai Circle, Howrah 895912",42202.14,2024-01-27 07:04:00,76.95.231.205,LOGIN
Armaan Dewan,anayatwal@behl-chaudhuri.com,+916111477758,3540 5205 4154,LCFQW8033S,"15, Balay Nagar, Akola-633484",24802.62,2024-02-03 17:34:00,141.242.4.219,FAILED_LOGIN
Kiaan Venkatesh,fshroff@yahoo.com,+919329865659,5620 1705 2161,QVTNU5247R,"58/226, Gulati Zila, Mango-864091",45730.43,2024-01-03 03:59:00,210.99.238.138,UPLOAD
Kartik Bir,rgade@kakar-sahota.org,+918230530772,5790 2423 8416,JWQDE8140K,"60/32, Sharma Nagar, Srikakulam 224573",23552.6,2024-01-24 23:50:00,153.71.109.22,FAILED_LOGIN
Mannat Sarin,obatta@keer.net,00378791189,3861 6695 9390,ROPER3153G,"H.No. 235, Goel Marg, Naihati-851599",7235.32,2024-01-01 02:33:00,110.104.75.53,VIEW
Amani Tiwari,advikathaker@kaul.info,3683331908,4688 2700 3786,VQCNB0784Z,"H.No. 45, Tiwari Circle, Alappuzha 695222",26946.62,2024-01-14 12:38:00,18.222.56.181,DELETE
Lakshay Singhal,bajwaalisha@tank.net,3377839811,8940 8069 3685,QIAKH9457T,"43/31, Sangha Zila, Hazaribagh-332974",4460.43,2024-01-13 08:08:00,30.99.69.244,DOWNLOAD
Samiha Korpal,vkhare@hotmail.com,0452505356,3539 5682 2645,CRBJQ9782N,"53/155, Virk Road, Jehanabad-497348",44629.21,2024-01-23 21:15:00,253.233.141.158,DELETE
Prerak Sangha,yohannanmadhup@hotmail.com,03017853675,1348 4643 9884,TLVVW3684R,"H.No. 40, Baria, Salem-586567",8942.62,2024-01-09 17:57:00,68.161.211.206,FAILED_LOGIN
Neysa Barman,ekarpe@joshi.biz,00936758261,7893 6957 1594,HZXXI2361H,"13/086, Soni Road, Surat 911469",7419.4,2024-01-03 07:09:00,54.116.73.157,DELETE
Amira Manda,ebal@shukla-sura.com,6365204287,3652 2143 6835,DGDZX4846E,"H.No. 04, Thaker Marg, Pallavaram 528773",17971.43,2024-01-04 05:59:00,141.136.35.183,LOGOUT
Aarush Sridhar,wlalla@yahoo.com,04750487348,1325 6228 2851,LYJIY5889O,"466, Shetty, Machilipatnam-220683",13024.05,2024-01-12 21:22:00,33.169.51.130,LOGOUT
Jivika Randhawa,kiaansaha@dey.info,+914013813871,8405 3443 9696,AXPNJ5206X,"72, Sekhon, Hazaribagh 744361",19079.61,2024-01-09 20:53:00,252.194.121.169,LOGIN
Tanya Sur,nishithvenkatesh@kapoor-bhakta.com,+911640335287,1163 3183 9092,OXONV8965Z,"22/186, Kulkarni Nagar, Gorakhpur 093849",39307.96,2024-01-23 06:37:00,191.105.121.166,DOWNLOAD
Chirag Goel,ishaangaba@guha.com,+910034164502,7165 3692 6965,BGRBM1953G,"663, Singh Zila, Muzaffarpur-024315",14491.87,2024-01-27 11:00:00,251.73.156.138,LOGOUT
Anya Goda,rohansunder@yahoo.com,+917069150190,7689 1870 9740,IRAUU8712O,"265, Chaudhry Circle, Hospet-367353",29814.27,2024-01-08 10:38:00,2.140.39.173,UPLOAD
Ivana Comar,boaseadira@hotmail.com,3564042895,8398 4565 2289,FGFIB3503K,"21, Dayal Chowk, Kharagpur-707327",42912.82,2024-01-15 16:07:00,2.209.102.163,UPLOAD
Trisha Talwar,kapurlagan@manne-gour.com,+916273667568,7656 2882 1036,JRIXN4760N,"50/99, Sharma Path, Malda-741336",39060.95,2024-01-20 20:19:00,74.227.114.171,DELETE
Bhamini Dhaliwal,mahika23@hotmail.com,4468932387,6938 1328 3677,JVNZI5972O,"989, Randhawa Zila, Hyderabad 922448",1691.42,2024-01-23 10:12:00,246.10.138.69,LOGOUT
Pranay Bhandari,isule@samra.com,+918151035579,3729 1881 4650,IASKH5258G,"71/746, Wadhwa Street, Gurgaon 561153",32569.65,2024-01-24 17:28:00,189.40.124.30,VIEW
Tiya Sankar,echakrabarti@kapoor-luthra.com,4342757933,7727 6623 1210,FDIWE6117S,"H.No. 319, Walla Street, Bharatpur-144913",1019.39,2024-02-03 00:25:00,24.95.97.203,DOWNLOAD
Kiara Dube,seherkorpal@yahoo.com,6168249515,3536 4051 7139,UQQOX8309K,"H.No. 401, Kamdar Marg, Anand-870526",15224.93,2024-01-06 05:03:00,56.93.78.91,LOGOUT
Shamik Hans,ikashyap@ray.info,2568388655,8013 4571 7314,GMDWM2500F,"H.No. 144, Sridhar Marg, Tezpur 908151",28292.39,2024-01-05 19:34:00,177.40.57.210,DELETE
Kashvi Bassi,dishanibarad@hotmail.com,00336851215,5078 8902 1760,YITUC4896U,"599, Batra Marg, Dewas-732027",26381.67,2024-01-10 14:11:00,193.95.70.206,FAILED_LOGIN
Shalv Kapadia,agarwalaradhya@yahoo.com,2756985166,1442 1697 8370,MGLIK5951F,"H.No. 70, Mander Street, Suryapet-141152",40709.79,2024-02-02 14:18:00,218.151.33.171,DOWNLOAD
Lakshay Saini,bajwanayantara@gmail.com,09144629004,6103 2826 6603,LYWXO1577B,"78, Taneja Chowk, Raiganj 583712",38447.0,2024-01-07 15:49:00,70.203.9.22,LOGOUT
Damini Amble,drishya63@yahoo.com,2714895742,7032 3980 2039,WUXRC4677C,"23/26, Seshadri Road, Panvel 230963",17033.81,2024-02-02 05:13:00,115.251.24.103,FAILED_LOGIN
Anahita Brar,dharromil@bassi.com,01613987306,5167 9664 7611,OWUPP2999O,"34/69, Singhal Nagar, Nagaon 135230",29882.53,2024-01-19 13:25:00,104.81.153.93,DELETE
Alisha Seshadri,fkamdar@joshi.info,00431907180,2592 2564 1217,IFARE9987T,"H.No. 85, Doctor Road, Sirsa-796417",14399.84,2024-01-28 00:15:00,116.72.180.181,DOWNLOAD
Aniruddh Agate,lkoshy@behl.com,+914110524456,8822 1615 1368,QBFGR5629N,"H.No. 67, Gala Road, Dewas-290631",39123.06,2024-01-12 20:56:00,78.198.188.110,DELETE
Anika Savant,chirag41@kumer.com,9078374358,2340 3953 5546,DJGDU6005H,"06/514, Choudhry Marg, Haldia-261525",6102.92,2024-01-13 08:24:00,58.54.6.156,FAILED_LOGIN
Ira Ratti,charvisant@shan.com,7510532335,1539 8448 5818,RTICF6749P,"918, Soman Road, Mangalore 030402",25088.37,2024-01-25 07:12:00,42.46.4.6,LOGOUT
Nishith Basu,darshitapte@yahoo.com,07759114625,8452 1410 8308,CALMY9354G,"11/32, Ben Circle, Indore-087102",38688.13,2024-01-05 00:03:00,101.62.202.239,LOGOUT
Sumer Bains,zachariahlakshay@yahoo.com,+911518684560,6346 3371 2107,QSVPI2021N,"61/849, Sangha Marg, Parbhani 514794",41602.7,2024-01-08 07:37:00,34.101.8.29,FAILED_LOGIN
Divij Sachdev,madhavgopal@mahajan-verma.com,+915144820853,9704 9743 6686,LMHGS0914V,"895, Badal Marg, Raurkela Industrial Township 088934",9650.24,2024-01-11 13:30:00,123.159.230.34,UPLOAD
Hiran Virk,kmangat@srivastava-hegde.biz,05428220442,2713 9949 3231,SOQML4041T,"H.No. 783, Salvi Ganj, Machilipatnam 727569",18927.44,2024-01-07 04:20:00,224.170.45.250,VIEW
Emir Goyal,shanbadal@sandal-gala.com,08043043828,9976 6955 7382,VBOXQ4955B,"57/79, Cheema Nagar, Mirzapur 206553",18434.53,2024-01-16 19:28:00,205.175.141.58,VIEW
Ranbir Hora,dasguptarasha@gmail.com,8920254007,2305 2301 8615,ACUJN1670P,"79/80, Raman Road, Navi Mumbai 124016",5455.41,2024-01-25 16:17:00,58.136.18.56,VIEW
Dhanuk Srinivas,koshyayesha@yahoo.com,2025813157,2375 7769 1967,CSQGD0022P,"826, Bhatt Zila, Vadodara-793094",38521.84,2024-01-15 10:54:00,189.118.213.143,VIEW
Vedika Sahni,lcontractor@dani-saini.org,3993381650,5378 4714 9833,IGVFU9674L,"H.No. 43, Amble Path, Thane 616707",13558.35,2024-01-18 23:37:00,7.105.121.29,UPLOAD
Hrishita Chowdhury,eshani00@kala-sunder.com,03506011919,5630 4964 8220,NOVCG9272A,"H.No. 76, Dara Marg, Tiruppur-719645",3800.6,2024-02-03 01:50:00,145.66.23.227,FAILED_LOGIN
Kimaya Bedi,hayerraunak@mahajan.com,+914960028895,9503 4908 9144,DWFRF6442I,"H.No. 002, Ramachandran Chowk, Jammu 599715",27912.88,2024-02-03 12:11:00,201.117.213.158,DOWNLOAD
Raunak Bahl,idoshi@krishna.biz,09877079381,1513 7081 9168,BTIYV5394K,"97, Balan Marg, Ongole 994787",49476.12,2024-01-19 07:20:00,63.140.73.146,DOWNLOAD
Kiaan Brahmbhatt,hjaggi@hotmail.com,6362053800,1644 9122 6822,DKJRV9662P,"03/54, Bera Chowk, Bijapur 663103",41047.25,2024-01-05 08:45:00,72.148.139.122,DELETE
Mamooty Upadhyay,sibalnitya@thakur.biz,+911483320322,5494 4926 4837,LIEJM0395R,"H.No. 95, Seshadri Ganj, Salem-502144",19349.18,2024-01-13 21:17:00,21.249.92.51,UPLOAD
Jivika Dara,vihaanchand@taneja-ramakrishnan.com,0504530594,2986 3050 6387,TMWTQ5932D,"H.No. 12, Dugar, Bulandshahr-774150",24426.79,2024-01-09 00:01:00,162.80.152.118,LOGOUT
Vivaan Bail,cchad@wali.org,09984903720,4171 6586 1793,JNPDV8726R,"862, Mahajan Marg, Bahraich 278471",20829.67,2024-01-29 03:43:00,161.113.103.84,LOGOUT
Prisha Kumar,keya61@yahoo.com,5111646071,4161 1776 9013,ZRVDV8349F,"48, Dyal Street, Alappuzha-048454",34633.38,2024-01-26 23:55:00,73.76.150.207,DOWNLOAD
Dharmajan Bedi,arhaanswamy@hotmail.com,9406029916,5668 8018 3965,NBDOM2457W,"33/280, Mangat Street, Gwalior-670452",4024.63,2024-01-14 10:30:00,211.203.188.99,VIEW
Oorja Yohannan,bdash@hotmail.com,06492472457,9575 1595 8905,LCSFZ9138O,"H.No. 639, Devan Marg, Uluberia 685976",48403.04,2024-01-04 23:26:00,185.13.120.39,DELETE
Adah Shenoy,ranbirbutala@agate.com,9190256792,7263 6591 7751,PDDBN3026T,"84/67, Sarma Nagar, Eluru-654640",32036.8,2024-01-07 07:55:00,149.168.88.187,UPLOAD
Aradhya Talwar,inaaya-mangal@lata.org,4668136274,1328 8473 2937,ZDVQG2939C,"52/671, Tripathi Chowk, Hazaribagh-978838",32544.68,2024-01-07 07:30:00,153.108.212.111,LOGOUT
Yuvaan Shankar,alisha44@brar.com,4919636746,6802 8700 4855,UPJFV0017V,"41, Dutta Circle, Howrah 931119",6365.65,2024-01-03 05:17:00,66.64.228.61,LOGIN
Miraan Edwin,gouranahita@srinivas-banik.info,+913337863774,9729 2046 1093,IWEWB8345C,"H.No. 756, Zacharia Road, Nagpur-961722",49659.76,2024-01-16 15:43:00,36.163.170.210,VIEW
Rania Madan,elakshi16@yahoo.com,+917658340611,8798 1361 8753,HUTYR8131B,"H.No. 179, Kapoor Road, Tiruppur 753944",28501.53,2024-01-20 20:08:00,184.73.75.94,DELETE
Ishita Srivastava,sbandi@yahoo.com,9965402122,1840 9130 3614,AJQWV2527L,"45, Kapadia, Bidar 098844",22604.11,2024-01-02 14:24:00,108.12.57.71,LOGOUT
Bhamini Gara,kismatyohannan@gmail.com,02542198144,8135 1395 5531,VXFOJ4820T,"29, Deep Nagar, Udupi 019972",46982.52,2024-01-14 04:10:00,219.183.219.109,LOGOUT
Myra Bajaj,qdalal@hotmail.com,8982222551,4515 8630 5469,CPGFU6131B,"82/00, Borah Ganj, Tiruchirappalli-779197",15778.77,2024-01-21 06:53:00,230.68.212.44,LOGIN
Kashvi Dave,taurora@hotmail.com,02073659917,5186 2508 6273,FZEPC0066V,"92, Bajwa Zila, Kumbakonam-457231",5248.97,2024-01-18 13:26:00,235.55.5.73,UPLOAD
Charvi Rajagopalan,mohanlalhayre@hotmail.com,+913925371864,5765 7915 5213,EMYMC7366I,"094, Rao, Ballia-125284",21445.87,2024-01-14 03:01:00,121.203.3.143,VIEW
Yashvi Comar,savantnitara@yahoo.com,0960693067,7430 3728 8423,QCIBJ8959M,"H.No. 87, Choudhary Circle, Bidhannagar 276016",8057.26,2024-01-01 03:12:00,4.217.71.225,DELETE
Tanya Singh,aarushdar@dubey.com,+913516577389,2100 3430 8193,WDQCX4144N,"759, Zacharia Zila, Rajahmundry-831483",38586.77,2024-01-29 00:13:00,65.197.191.35,DOWNLOAD
Taran Magar,anahi90@badami.biz,6234289322,4482 9857 1512,FBHEA8012W,"568, Raja Street, Surendranagar Dudhrej-826122",12305.44,2024-02-02 18:25:00,188.40.223.148,DOWNLOAD
Divit Rao,onkar44@hotmail.com,03577009507,8391 3096 4148,LZUUN4020L,"22/18, Taneja Circle, Nangloi Jat-293473",17242.76,2024-01-05 21:56:00,2.171.201.142,VIEW
Lavanya Kadakia,fateh93@rege-yogi.info,03528323041,5115 3195 7823,MKCGE5275B,"H.No. 21, Bir Nagar, Kurnool-750256",7671.1,2024-01-17 06:21:00,152.237.21.222,FAILED_LOGIN
Nakul Kothari,dwalia@hotmail.com,5637480382,4491 4162 7475,TFVGK7421H,"H.No. 56, Contractor, Maheshtala-983476",48060.44,2024-01-22 05:49:00,108.223.255.35,DOWNLOAD
Damini Kohli,vkala@gmail.com,9046424318,4516 7051 7045,GYDAX6538E,"91, Sandal Road, Bidar-955029",27414.44,2024-01-13 00:49:00,195.33.5.251,VIEW
Manjari Bahri,hiran57@boase.com,+912092438182,1251 1045 7891,MSNRS7603S,"647, Thakur Marg, Farrukhabad 981663",45757.4,2024-01-11 06:35:00,15.111.32.203,UPLOAD
Shaan Kaul,xsibal@yahoo.com,2337795505,1876 2387 1546,FROFJ4324C,"46/048, Rau Street, Vijayanagaram-503784",34613.1,2024-01-26 12:00:00,12.112.157.2,LOGIN
Neelofar Lanka,karanhunar@sami-dugar.com,+912705827711,3059 2667 8692,XPTNN1629A,"30, Dey Circle, Amritsar 603608",27299.82,2024-01-08 16:09:00,236.238.102.62,LOGOUT
Ahana  Shere,dsrinivas@yahoo.com,09365296089,4003 1742 5542,NOVFO6964L,"H.No. 675, Mann Circle, Mumbai 071131",1845.15,2024-01-23 14:35:00,158.177.13.129,LOGIN
Taran Char,ranbirhans@saran.com,06329183256,5178 1644 3325,BVRPL4274Y,"H.No. 01, Bhat Path, Mau-749407",40860.62,2024-01-25 00:55:00,241.186.98.170,LOGOUT
Anaya Srivastava,yakshit82@bahl-solanki.com,+914694174943,4991 3176 7091,NZLYQ1909Q,"H.No. 60, Karpe Ganj, Burhanpur-432932",38613.06,2024-01-27 14:15:00,94.227.196.239,LOGIN
Gatik Buch,samarthiyer@seth.org,+911030903157,3089 3399 6861,HOOKZ9798R,"37/773, Brar Path, Amritsar 107924",25282.04,2024-02-01 11:22:00,125.174.160.64,VIEW
Hiran Goel,bassikiara@hotmail.com,+910725759322,3490 2310 7852,KUPWO8335T,"171, Behl, Shimla-549507",17542.13,2024-01-22 00:16:00,88.5.221.121,DOWNLOAD
Taran Amble,divijsundaram@gmail.com,09268645911,2001 4881 5065,HAVMI2344T,"16/672, Choudhury Circle, Ballia 632379",674.35,2024-01-23 03:35:00,1.134.44.250,LOGOUT
Heer Balasubramanian,shayakdesai@yahoo.com,08181569819,7050 7772 9524,HRCJD6993X,"H.No. 00, Talwar, Nagaon-552689",16022.1,2024-01-22 07:57:00,193.29.155.40,DELETE
Jayant Sastry,tiya36@hotmail.com,06967049068,7709 7033 5572,FIIEB1103B,"H.No. 854, Borah Chowk, Kishanganj-348569",3534.34,2024-02-01 07:47:00,156.33.8.77,DELETE
Charvi Kumar,dewansana@thaker-jaggi.biz,3125073641,9046 1642 1510,YHEWY4399T,"020, Barman Ganj, Raiganj 742659",1631.69,2024-01-06 12:25:00,229.85.52.87,FAILED_LOGIN
Dharmajan Rattan,ranbirgaba@yahoo.com,+918400488186,6724 7291 4886,FJPHM1624L,"H.No. 766, Kaul Road, Gaya-973347",45932.8,2024-01-02 23:01:00,242.50.241.111,UPLOAD
Hunar Dada,biju66@yahoo.com,5297685202,1403 5192 9914,LNEVX5754S,"H.No. 38, Srinivas Nagar, Tadepalligudem-191900",39951.14,2024-01-16 06:32:00,5.194.138.21,VIEW
Inaaya  Goyal,gourbaiju@hotmail.com,+916490276818,1698 8147 3094,GSEWV2569U,"H.No. 49, Ganesh Marg, Satna-760595",19513.76,2024-01-03 10:10:00,10.217.39.227,DOWNLOAD
Jiya Reddy,kashvi00@hotmail.com,+918295272505,9568 6445 7546,VRSTB6294W,"H.No. 13, Shanker Ganj, Dhule 656586",36715.98,2024-01-24 00:04:00,143.98.226.238,VIEW
Ishaan Yogi,ramaswamytarini@apte.com,4154953878,4667 9763 8338,YYFML9292C,"H.No. 121, Mander Chowk, Parbhani-073325",27361.36,2024-01-17 08:03:00,91.235.140.155,FAILED_LOGIN
Arnav Sane,bhagatdishani@chokshi.info,7243237203,6663 5927 9733,YNTTC3846H,"94/124, Arya Circle, Anantapur 501165",16433.12,2024-01-02 13:04:00,84.22.6.150,LOGIN
Kimaya Das,ahegde@gmail.com,+914623219194,3229 8412 6253,OJLVH8633O,"H.No. 48, Suri Path, Moradabad 962962",29861.11,2024-01-08 22:20:00,5.114.129.16,DOWNLOAD
Pihu Bobal,jchacko@gmail.com,04618007921,4811 4664 9815,HIKNP0015Z,"26/370, Ram Circle, Buxar 471534",6097.07,2024-01-23 00:46:00,215.19.20.36,FAILED_LOGIN
Keya Dâ€™Alia,rhea51@yahoo.com,06793724654,5868 5967 6412,PACBU8964I,"25/189, Shukla Ganj, Uluberia 779566",35385.26,2024-01-14 03:57:00,33.121.16.220,FAILED_LOGIN
Anay Shankar,dhanush42@seshadri.com,9495511937,5811 8852 4480,KZJDP1814G,"H.No. 07, Krishna Ganj, Kolkata-439393",35559.5,2024-01-21 18:37:00,244.40.65.158,LOGIN
Madhup Sankar,eshanivarghese@yahoo.com,09125894499,8148 3888 1383,OFXKP0774K,"32/22, Dube Ganj, Mirzapur 467239",42237.12,2024-01-24 17:21:00,222.189.13.175,DOWNLOAD
Aaina Kohli,madhup31@gmail.com,+913050674161,1420 7055 9478,WHVBF6180H,"81/193, Deol Zila, Ratlam-978881",2260.93,2024-01-16 04:57:00,208.140.79.124,VIEW
Dhanuk Kari,zachariahkanav@cherian.com,05746957350,2898 7223 5812,QZBTU8710P,"H.No. 30, Zachariah Street, Chinsurah-181953",3229.46,2024-01-21 11:34:00,96.18.138.66,VIEW
Dhanuk Raju,tankyuvaan@hotmail.com,0239938156,6157 9841 3702,WUWSQ4480K,"01, Chaudry Chowk, Orai-183262",41931.86,2024-01-06 13:58:00,162.214.41.19,DOWNLOAD
Ojas Ranganathan,vmann@hotmail.com,07055238642,9316 4281 6795,HXYXC9892G,"H.No. 27, Sami, Chinsurah 318035",28710.95,2024-01-29 22:49:00,45.49.126.167,LOGOUT
Ira Bhat,inaaya-17@tank-boase.com,01519174440,6193 5784 9725,QKGJY7065I,"H.No. 675, Dhawan Zila, Raurkela Industrial Township 131285",39081.63,2024-01-22 14:07:00,52.192.187.58,VIEW
Prerak Rattan,chowdhurykashvi@gmail.com,06876270190,6530 9326 9611,GBHQI7586M,"038, Kara Ganj, Satna 495535",18976.06,2024-01-25 23:56:00,82.51.154.13,DELETE
Drishya Wali,jayantrajan@bali.net,4263907013,3830 7474 4194,GFSNM3109K,"H.No. 216, Srinivasan Road, Berhampore 194383",18871.64,2024-01-18 08:49:00,110.90.13.250,DELETE
Kabir Subramanian,veerkarpe@yahoo.com,+918003814807,3862 1385 2479,TCTRI2238I,"H.No. 590, Singh Marg, Bellary 969304",738.73,2024-02-04 06:43:00,123.194.14.48,FAILED_LOGIN
Yuvaan Rout,dharmajankadakia@mall.info,05144890708,5953 3291 7470,CCDMM3642H,"72/02, Vohra Nagar, Allahabad-060343",5303.9,2024-01-20 05:23:00,39.97.199.211,FAILED_LOGIN
Jayant Khatri,twali@gmail.com,5666991445,3531 2673 6660,ATHFP9283A,"82/78, Madan Path, Jalgaon-764690",33932.84,2024-01-11 22:44:00,247.127.97.99,LOGOUT
Divit Shere,vedikasheth@dani.org,+912995686063,3155 3509 5915,CKFIG4629K,"473, Bhat, Jehanabad-107075",35012.27,2024-01-04 01:05:00,193.36.209.3,DOWNLOAD
Ishaan Sandhu,jayant41@swamy.net,5810818700,3913 5240 3097,RYNEX4030Q,"135, Gara Road, Aligarh 388046",34103.56,2024-01-23 19:59:00,75.221.191.67,DELETE
Aarav Choudhary,gbhandari@doshi.com,03849548702,8957 7829 8646,OQQYV3774P,"H.No. 20, Magar Street, Kolkata-385395",19218.44,2024-01-10 15:08:00,150.67.121.189,VIEW
Riya Bhatt,zara83@yahoo.com,0297757068,6703 6188 4540,CJUKY4597R,"H.No. 809, Gulati, Patna-348017",47783.51,2024-01-11 12:54:00,221.100.53.121,LOGIN
Anya Sahni,agarwalgatik@balakrishnan-ganesan.com,3553922082,9455 1384 2389,LGJJV1905A,"27/440, Chada Marg, Gaya 261868",5016.52,2024-02-01 15:41:00,112.78.105.9,UPLOAD
Amani Devi,charvidube@hotmail.com,00334548560,7579 5663 2947,NLUIA6163M,"H.No. 925, Kanda Nagar, Berhampur 236745",5145.31,2024-01-23 06:23:00,81.172.23.249,LOGIN
Parinaaz Khosla,eshanivenkataraman@sandal.biz,1364242706,3825 4466 3912,NBFCK2262P,"H.No. 904, Varughese Zila, Aurangabad-041581",4281.13,2024-01-09 00:20:00,226.114.56.143,DOWNLOAD
Indrans Bhattacharyya,biju94@kothari.com,01309096302,1250 2315 9413,DMDHW6191N,"869, Ghosh Ganj, Navi Mumbai 781460",40230.46,2024-02-01 06:39:00,92.216.14.147,UPLOAD
Anay Barman,rbala@hotmail.com,+918057732938,6568 3510 2519,QFOQO8149M,"22, Sood Street, Mau-525411",40624.27,2024-01-11 02:51:00,157.72.1.60,UPLOAD
Kismat Bajaj,samadiya@gmail.com,+915571959644,5176 3616 6464,ISCBO0792Y,"H.No. 44, Thakur Nagar, Imphal 380543",27008.71,2024-01-19 15:09:00,53.189.51.181,LOGIN
Ojas Ghose,vihaanbatta@deshmukh.com,+917677717468,5946 4167 2746,HMGZK6246N,"58/92, Guha Road, Firozabad-969238",45286.8,2024-01-20 02:56:00,38.53.73.208,LOGIN
Saanvi Wali,balineelofar@hotmail.com,+919973594768,4932 4314 4182,CJCIS9500Q,"55/011, Zacharia Ganj, Kanpur-401526",48498.28,2024-01-31 09:10:00,35.39.84.78,DELETE
Jivika Dubey,indranilchatterjee@barad-barad.com,01590079027,6592 9423 3889,ZFKPH5446L,"H.No. 19, Swamy Road, Latur 078291",19893.29,2024-01-29 14:47:00,190.104.213.234,UPLOAD
Kavya Bala,jiya64@gmail.com,03052729027,1963 1301 7817,MWYBG8290I,"76/524, Sama Marg, Aurangabad 351315",8586.31,2024-01-27 10:27:00,51.34.158.175,DELETE
Misha Char,emir65@hotmail.com,+911874727735,1549 9228 2541,BLZXC9373R,"H.No. 431, Dey Road, Raurkela Industrial Township-881518",48658.87,2024-01-06 11:52:00,238.57.25.207,DOWNLOAD
Emir Sama,sethimiraya@gmail.com,+913869904275,6991 3284 6941,GJGJM4505R,"03, Thakkar Road, Jodhpur-873059",15740.21,2024-01-07 10:46:00,62.157.56.189,DOWNLOAD
Eva Mallick,shanayabansal@srinivasan-bedi.com,+912521251199,9476 6631 1719,EKVQO4457O,"16/75, Sarna Ganj, Gopalpur-169953",34362.41,2024-01-15 18:38:00,51.155.4.104,FAILED_LOGIN
Sahil Sibal,msekhon@yahoo.com,+915199163244,5155 2476 6733,ZLJDG4516M,"95/15, Ganesan Marg, Pimpri-Chinchwad-808772",4560.26,2024-01-01 08:37:00,132.125.16.136,LOGOUT
Anaya Keer,elaaggarwal@sha.net,9137028904,8067 2906 9458,FPZFL4504U,"H.No. 73, Sastry, Tirunelveli-790599",34701.48,2024-01-18 23:35:00,79.30.58.232,DELETE
Zoya Virk,farhanraju@mahal-talwar.org,7666442060,2980 1642 7794,XASNA3328Q,"53, Sampath Road, Visakhapatnam-336705",23678.96,2024-01-21 20:37:00,3.231.212.157,VIEW
Ojas Hora,samarsani@yahoo.com,0866396638,6822 7068 6818,FAMNR6612Z,"H.No. 05, Raja Zila, Pudukkottai-496933",49063.5,2024-01-06 13:38:00,51.241.56.175,VIEW
Tiya Acharya,ojoshi@gmail.com,03733947606,8226 4938 7884,NZNXV3122B,"38/75, Savant Path, Muzaffarpur-010078",6060.81,2024-01-21 19:57:00,250.21.166.191,DELETE
Gokul Vaidya,nirvibhatti@mannan.com,+912269109845,3424 3140 3326,OTAKH4384M,"93/10, Behl Path, Berhampur 481067",31197.78,2024-01-19 17:11:00,237.92.65.171,UPLOAD
Damini Bala,jivinbarman@wali-shah.com,09481869416,2093 2773 1638,YYTMT8656C,"65/69, Anne Path, Pudukkottai-723090",28820.5,2024-01-13 20:55:00,163.176.9.88,FAILED_LOGIN
Baiju Gulati,kavya54@jayaraman-roy.info,8531540271,4258 8600 6699,VVQTB9388D,"97/656, Srinivasan Nagar, Arrah-609135",47510.07,2024-01-10 23:35:00,153.40.209.85,VIEW
Lavanya Kala,myogi@kibe.com,01551678858,8926 7057 3846,FGSHQ9871M,"56/607, Dass Path, Kakinada 623185",13471.68,2024-01-30 23:06:00,207.212.251.6,DOWNLOAD
Kartik Thakur,borahnirvi@yahoo.com,3834231930,4609 2134 3277,NMLTP2663V,"070, Sama Marg, Meerut-018434",14808.93,2024-01-18 20:54:00,135.49.98.75,LOGOUT
Romil Varughese,zmall@roy-saini.com,+913875652177,4590 4194 7444,HDFKV3579A,"H.No. 54, Anand Road, Thrissur-148278",10510.8,2024-01-23 05:04:00,33.140.217.27,LOGIN
Anahi Chacko,jdar@hotmail.com,+919426642004,3706 2362 8257,EWSXH7557U,"H.No. 27, Bhagat Path, Dibrugarh 330518",36455.73,2024-01-20 08:31:00,37.103.188.116,VIEW
Yuvaan Garde,tarathaman@yahoo.com,7966748960,5701 4905 8000,ZHBZC4360I,"H.No. 43, Sane Street, Tezpur-869726",27885.28,2024-01-12 23:04:00,48.229.183.150,DOWNLOAD
Armaan Yohannan,ksibal@hotmail.com,00167435396,5821 9100 8571,DGMEF3561S,"H.No. 723, Loke Road, Mumbai 961080",24571.03,2024-02-03 00:56:00,223.220.92.194,FAILED_LOGIN
Umang Rana,bhallaishaan@mammen.info,3846634099,6568 1264 7175,VUOES3736Y,"17, Bhatia Zila, Barasat 796187",16920.33,2024-01-21 13:17:00,185.235.45.142,FAILED_LOGIN
Jayesh Dada,ramakrishnannitara@ratti.biz,+917886569100,6742 4028 8778,CMGGI9514M,"H.No. 469, Chadha Road, Gulbarga 573742",14877.77,2024-01-05 21:07:00,11.148.1.133,FAILED_LOGIN
Ojas Loke,salvihunar@hotmail.com,+911223672125,3740 7738 8274,TULMC4751N,"41/24, Garde Road, Visakhapatnam 275701",46485.23,2024-01-08 05:36:00,198.155.97.248,UPLOAD
Anay Ramachandran,nvarkey@hotmail.com,+912245635422,3485 4126 1097,ZZKDH0615D,"96/56, Thaman Street, Karawal Nagar 302832",1628.84,2024-02-02 19:51:00,148.40.36.103,LOGIN
Navya Wason,sana79@hotmail.com,2929029899,9466 3419 6502,PQVDU8879F,"533, Barad Nagar, Barasat-886234",37596.79,2024-02-01 16:09:00,63.114.27.37,UPLOAD
Ela Bandi,mohanlal62@yahoo.com,+917136665693,3032 2690 6170,PWWPL0424V,"74/64, Bhavsar, Ahmednagar-815495",26444.55,2024-01-01 19:06:00,132.77.198.191,UPLOAD
Tanya Ravi,paribhandari@gmail.com,8148810843,5183 3598 2979,AQWPS3283L,"37, Kumer Ganj, Jamshedpur 203449",15317.39,2024-01-20 07:46:00,113.67.236.76,FAILED_LOGIN
Prerak Thaman,schand@hotmail.com,+913836156552,8938 4582 2366,FKTNZ1870T,"823, Sangha Zila, Hospet-236268",49883.94,2024-01-03 05:56:00,201.118.92.249,DELETE
Krish Chahal,phari@chaudhuri.biz,06905424322,7704 6278 7042,FWFED5332N,"H.No. 433, Chahal Chowk, Vellore-252675",28295.71,2024-01-20 15:19:00,39.99.194.118,LOGOUT
Tanya Majumdar,kadakiashray@yahoo.com,6722991838,8162 1016 4094,LKLVR0227G,"H.No. 216, Babu Chowk, Pali-567089",9201.42,2024-01-05 04:00:00,4.220.72.64,DOWNLOAD
Indrans Barman,lhegde@bir.info,6378239669,6787 2286 9294,OSPQC7912X,"250, Upadhyay Chowk, Alappuzha 582967",29453.13,2024-01-19 17:05:00,82.32.222.249,LOGOUT
Badal Raval,ritvikborde@arya-solanki.org,+914051847662,9139 5052 5079,YQJZN7859O,"H.No. 156, Butala Street, Karaikudi 047396",46243.72,2024-01-16 03:49:00,176.5.221.7,VIEW
Rati Raj,yvyas@hotmail.com,+919322719990,5110 9120 6915,TDIEU3126K,"H.No. 568, Issac Ganj, Ratlam-955319",2085.57,2024-01-30 19:46:00,138.255.48.167,FAILED_LOGIN
Hridaan Gera,dhanushchopra@yahoo.com,+917780083167,6123 6175 8495,LVLTY9219V,"59, Garde Chowk, Phagwara-968740",23134.87,2024-01-04 07:32:00,140.193.129.10,VIEW
Neelofar Kala,anahichoudhry@madan.org,0958152164,7482 3034 5727,SMUCY3067N,"79/344, Loyal Path, Ichalkaranji-331816",27189.02,2024-01-17 09:42:00,104.160.200.110,FAILED_LOGIN
Prerak Dhaliwal,anaysandal@bakshi.net,2205827510,5545 5293 5789,DMDXK6004B,"40, Dhaliwal Path, Dibrugarh 266161",15153.84,2024-01-14 04:46:00,3.133.80.39,DELETE
Eva Dube,sarakota@sandal-wali.com,+913337171704,1164 7766 7695,IHDAG6879D,"H.No. 00, Saha Street, Vadodara 142119",6575.68,2024-01-16 03:42:00,35.207.251.42,LOGIN
Yuvaan Bahl,arnav06@sawhney-bhattacharyya.biz,+916397383383,6359 9623 2800,ASYCG1985E,"91/01, Mahal Nagar, Chapra 285336",35186.13,2024-01-15 11:42:00,207.149.213.117,VIEW
Lagan Bhakta,kaira15@maharaj.com,7083996659,8997 1111 1779,YNWKG1854G,"77/86, Shere Ganj, Ajmer-728359",21198.6,2024-01-09 08:14:00,84.175.229.62,LOGIN
Rohan Dasgupta,krishnamurthymadhup@yahoo.com,+915913381199,2238 9184 6868,FTGOT3111H,"46, Sura, Panihati 557130",48461.75,2024-02-04 01:03:00,225.3.170.148,UPLOAD
Yakshit Shanker,gchar@sharaf.com,01056200141,6979 8612 2025,KHPYB7750N,"393, Srinivas Nagar, Avadi-705056",41132.18,2024-01-15 00:46:00,183.132.187.241,VIEW
Manikya Jain,kiara71@yahoo.com,+911252353993,8146 8556 8248,ZXELS9940J,"03/32, Raja Zila, Ajmer 617720",21918.76,2024-01-01 21:13:00,202.77.66.67,DELETE
Akarsh Bava,ahluwalianehmat@dugal.com,+916142491478,4960 5803 1882,LTGPF8403T,"H.No. 99, Soman, Madanapalle 659681",29060.22,2024-02-04 11:03:00,140.110.43.93,UPLOAD
Saksham Ganesan,andrakeya@gopal-shetty.com,1630366062,7433 9694 3999,TVCWR1048Q,"29/26, Thaker, Karnal-382955",21243.41,2024-01-16 14:16:00,10.199.3.120,DOWNLOAD
Bhamini Bhagat,kiaangaba@yahoo.com,+910697835334,4137 5133 5107,MYOVE0532H,"51/13, Magar Nagar, Indore 107616",28609.3,2024-01-05 08:50:00,160.96.120.185,LOGIN
Arnav Aurora,kashvi54@gmail.com,+915621982551,8223 7901 4237,EUYLJ9548C,"H.No. 17, Devi Path, Nadiad 765001",41948.39,2024-01-08 22:06:00,121.205.201.124,LOGOUT
Mishti Chaudhari,rsha@vala.com,6573841090,5461 4948 6325,VNPLG3992N,"63/421, Bali Chowk, Tenali 698446",3273.45,2024-01-25 09:01:00,1.174.199.75,VIEW
Jayant Badami,lalonkar@butala.com,9523163852,9813 4900 5930,WZEHY4498Q,"44/920, Kata Marg, Singrauli-821049",30109.82,2024-01-12 06:48:00,89.24.90.223,LOGIN
Emir Sane,dhanuk50@balakrishnan.net,7412726765,9363 8098 5762,ZWWYC3275K,"685, Tripathi Ganj, Noida 758294",20239.21,2024-01-10 11:03:00,130.44.141.163,UPLOAD
Pari Lata,yashvikulkarni@yahoo.com,08375502013,5813 7052 2369,IJDIL3937N,"91/507, Sehgal Street, Shivpuri 397878",23322.74,2024-01-23 03:11:00,167.2.194.38,LOGOUT
Raunak Sachar,lavanyabath@iyer.com,+910705795298,1997 5852 1312,NWRDQ4607Z,"26/312, Mani Marg, Moradabad 074652",677.22,2024-01-30 16:39:00,183.104.101.248,LOGIN
Abram Balasubramanian,raniasinha@hotmail.com,08384692657,2750 3465 5873,ABEVH7899V,"H.No. 70, Dua Nagar, Jodhpur 223749",33102.68,2024-01-08 05:53:00,195.56.218.245,VIEW
Amani Saraf,deepdivyansh@gola.org,6547670009,9743 2694 1840,XJQER8219C,"745, Jhaveri Zila, Pune-253417",35205.48,2024-01-11 18:34:00,216.211.131.221,DOWNLOAD
Azad Seth,aaina73@gill-bhatnagar.com,08008635880,9611 2340 9174,GPWDW6391F,"43, Sankaran Zila, Chinsurah 437145",5597.76,2024-01-08 19:26:00,210.186.240.125,LOGOUT
Raghav Tank,bhatishita@hotmail.com,1154961185,9680 1776 5519,TEYJO9061N,"H.No. 343, Deep Ganj, Berhampore-343577",21321.45,2024-01-14 17:51:00,103.31.61.240,LOGIN
Ryan Borra,samardass@yahoo.com,4023672874,7000 9953 9924,VHXGA3425N,"71, Saha Chowk, Chinsurah-594606",45281.02,2024-01-15 07:23:00,25.243.154.52,LOGOUT
Dishani Sathe,prerak80@yahoo.com,00796262171,4276 2156 7121,HWTZG6909U,"94/073, Sidhu Path, Bareilly 227569",16203.28,2024-01-19 00:05:00,90.165.62.141,VIEW
Vedika Loke,deyivana@venkatesh.com,+915957320999,1891 6981 2369,DRMGF6838I,"878, Gandhi Ganj, Ahmedabad 309577",42827.35,2024-01-22 05:24:00,89.194.90.140,DOWNLOAD
Nitara Lal,varugheseranbir@karpe-tak.biz,3504170431,2900 9676 3032,CAZBO2470E,"24/786, Baral Road, Korba-849963",16732.74,2024-01-05 01:26:00,25.37.15.28,LOGIN
Ayesha Ganesh,fmall@sankar.biz,1831116719,3864 3353 9948,IUADI5110Q,"268, Bath Circle, Etawah 590208",4909.36,2024-01-08 06:11:00,228.231.164.218,LOGIN
Saksham Rao,charvi58@yahoo.com,3441146315,7105 5889 3339,IDCTK3834R,"63/741, Biswas Marg, Kirari Suleman Nagar-440263",1413.9,2024-01-12 06:49:00,136.123.218.105,LOGIN
Lagan Sachdeva,vritikahalder@hotmail.com,06242152431,6494 6226 4413,NMIAU6629J,"H.No. 424, Shenoy Ganj, Vellore 176672",28435.81,2024-01-22 02:17:00,207.64.40.9,DELETE
Riaan Atwal,kibeivan@gmail.com,04465691931,5919 4117 4651,GSEKN8930G,"06, Bedi Zila, Ranchi-722069",27034.68,2024-01-25 23:16:00,183.53.195.165,UPLOAD
Zoya Tripathi,kotharimiraan@gmail.com,06295842041,3895 6916 4863,SNNIL2573T,"80/42, Brar Circle, Kottayam 097060",39889.23,2024-01-17 09:32:00,97.113.189.5,VIEW
Kartik Bains,kotavihaan@dugar.com,+911432419856,5552 4641 8259,KYZDP2620S,"42/11, Chander Chowk, Phusro 393699",36524.86,2024-01-12 14:02:00,242.206.135.147,LOGIN
Purab Dave,charvi39@bera-sahota.com,3097319863,7349 3359 8881,BVRKH9474Z,"H.No. 619, Sama Zila, Anantapur 007220",15063.62,2024-01-15 05:03:00,250.189.79.78,UPLOAD
Samiha Chahal,jivika28@bahl-kalla.com,+914990145924,1286 3013 4251,VCXUJ7701Q,"H.No. 104, Chaudhry Ganj, Berhampore-542033",20663.96,2024-01-19 12:08:00,6.136.102.58,LOGIN
Advik Ahuja,hayrekeya@hotmail.com,06201259744,7633 1965 1993,JRPUG5990X,"09/80, Balasubramanian Circle, Nagercoil-165183",16196.97,2024-01-21 14:18:00,127.255.184.183,UPLOAD
Shamik Sehgal,aradhyamahal@gmail.com,+917148207778,2619 4570 1980,UBIPR9364X,"H.No. 055, Iyengar Ganj, Tezpur-305319",19679.55,2024-01-21 00:01:00,161.201.36.7,LOGIN
Ivana Saxena,ramaeshani@khanna-guha.info,0107212671,9978 1585 1918,PTOMS5947R,"90/80, Dasgupta Marg, Jorhat 952510",25836.91,2024-01-10 02:04:00,191.166.228.204,UPLOAD
Damini Raju,usavant@saraf-sodhi.info,+912217358813,2898 9593 7507,WMQEB3579Z,"68/339, Subramanian Street, Tiruvottiyur-350059",39743.71,2024-01-08 16:38:00,186.193.66.122,LOGOUT
Gokul Viswanathan,warrioraniruddh@dewan.org,06349833076,2080 5163 4466,PEKOA8035J,"H.No. 82, Dasgupta Ganj, Proddatur 163989",40098.99,2024-02-02 19:13:00,92.129.96.83,LOGIN
Urvi Agrawal,drishyaborde@hotmail.com,+910723229484,4178 4352 9154,UHGMV6547E,"H.No. 265, Iyengar Ganj, Cuttack 946297",5971.86,2024-01-13 05:02:00,5.55.248.70,LOGOUT
Nayantara Sunder,regeshamik@bhakta.com,7419405883,1809 5181 1403,QJANA8870B,"945, Kala Street, Bharatpur 988679",31809.69,2024-01-27 14:05:00,27.34.123.30,LOGOUT
Indrans Kanda,charvi98@yahoo.com,+918746116013,6356 4681 8007,SALMF3670R,"H.No. 799, Soman Chowk, Bahraich-398006",11657.24,2024-01-20 11:40:00,47.196.24.105,FAILED_LOGIN
Nehmat Rama,misha31@sangha.org,01915636466,8746 9303 2825,VTLRV4729H,"03, Chandran Nagar, Panipat-646745",35233.15,2024-01-15 13:19:00,41.115.3.6,LOGIN
Anvi Garde,tanya42@dugal-sha.com,7321061203,8174 5057 5526,YPRAP5318F,"H.No. 31, Chandran Street, Aizawl-171140",18308.97,2024-01-23 05:39:00,244.105.196.249,DOWNLOAD
Devansh Mall,yasminbala@manda.net,+910114857046,1351 6159 3638,DBUAE6787M,"11, Mammen Nagar, Mathura-307695",44551.23,2024-01-21 03:01:00,156.135.132.219,DOWNLOAD
Charvi Savant,chadataimur@yahoo.com,+910747104747,8895 4099 7002,LYMZB2344M,"694, Ramaswamy Path, Vadodara-621029",29123.26,2024-01-03 06:25:00,206.17.90.67,FAILED_LOGIN
Kiaan Majumdar,bbajaj@yahoo.com,+913187321462,4439 4858 8570,QTNKG2253J,"20/378, Comar Ganj, Khammam 710777",19107.77,2024-01-24 22:33:00,123.199.223.89,UPLOAD
Sana Korpal,ithakur@hotmail.com,06347720275,6545 8289 8003,JJGVZ0136L,"H.No. 622, Deshmukh Circle, Hazaribagh 104767",9771.21,2024-01-09 19:04:00,126.21.67.174,LOGIN
Hunar Vohra,ishita80@sachar-raja.com,2462834058,3781 5583 2802,UOOWX2810H,"95/43, Krishnan Chowk, Gudivada-450456",13140.16,2024-01-30 05:31:00,110.145.212.8,FAILED_LOGIN
Anvi Wali,ritvikvenkataraman@yahoo.com,06386776571,5110 9438 7368,PXQLI6166K,"H.No. 877, Shankar Path, Bardhaman-129813",34271.73,2024-02-02 20:29:00,36.252.9.227,DOWNLOAD
